manuscript_figure	panel_file	experiment	script	run_directory
(QC, not a manuscript panel)	QC - violin by cartridge.pdf	Exp160	01_fig4_figS6.R	Exp160/02_r_rebuild/out_deposit_RSEC
Fig4B	[Fig4B] Initial Clustering by cart.pdf	Exp160	01_fig4_figS6.R	Exp160/02_r_rebuild/out_deposit_RSEC
Fig4B	[Fig4B] Initial Clustering, res=0.15, dim=40.pdf	Exp160	01_fig4_figS6.R	Exp160/02_r_rebuild/out_deposit_RSEC
Fig4B	[Fig4B] Markers dotplot.pdf	Exp160	01_fig4_figS6.R	Exp160/02_r_rebuild/out_deposit_RSEC
Fig4B	[Fig4B] marker Anpep.pdf	Exp160	01_fig4_figS6.R	Exp160/02_r_rebuild/out_deposit_RSEC
Fig4B	[Fig4B] marker Chgb.pdf	Exp160	01_fig4_figS6.R	Exp160/02_r_rebuild/out_deposit_RSEC
Fig4B	[Fig4B] marker Epcam.pdf	Exp160	01_fig4_figS6.R	Exp160/02_r_rebuild/out_deposit_RSEC
Fig4B	[Fig4B] marker Lgr5.pdf	Exp160	01_fig4_figS6.R	Exp160/02_r_rebuild/out_deposit_RSEC
Fig4B	[Fig4B] marker Lyz1.pdf	Exp160	01_fig4_figS6.R	Exp160/02_r_rebuild/out_deposit_RSEC
Fig4B	[Fig4B] marker Mmp7.pdf	Exp160	01_fig4_figS6.R	Exp160/02_r_rebuild/out_deposit_RSEC
Fig4B	[Fig4B] marker Muc2.pdf	Exp160	01_fig4_figS6.R	Exp160/02_r_rebuild/out_deposit_RSEC
Fig4B	[Fig4B] marker Pou2f3.pdf	Exp160	01_fig4_figS6.R	Exp160/02_r_rebuild/out_deposit_RSEC
Fig4B	[Fig4B] marker Trpm5.pdf	Exp160	01_fig4_figS6.R	Exp160/02_r_rebuild/out_deposit_RSEC
Fig4C	[Fig4C] GOBP_ANTIGEN_PROCESSING_AND_PRESENTATION violin.pdf	Exp160	01_fig4_figS6.R	Exp160/02_r_rebuild/out_deposit_RSEC
Fig4C	[Fig4C] GOBP_ANTIGEN_PROCESSING_AND_PRESENTATION.pdf	Exp160	01_fig4_figS6.R	Exp160/02_r_rebuild/out_deposit_RSEC
Fig4C	[Fig4C] GOCC_MHC_CLASS_II_PROTEIN_COMPLEX violin.pdf	Exp160	01_fig4_figS6.R	Exp160/02_r_rebuild/out_deposit_RSEC
Fig4C	[Fig4C] GOCC_MHC_CLASS_II_PROTEIN_COMPLEX.pdf	Exp160	01_fig4_figS6.R	Exp160/02_r_rebuild/out_deposit_RSEC
Fig4C	[Fig4C] GOCC_MHC_CLASS_I_PROTEIN_COMPLEX violin.pdf	Exp160	01_fig4_figS6.R	Exp160/02_r_rebuild/out_deposit_RSEC
Fig4C	[Fig4C] GOCC_MHC_CLASS_I_PROTEIN_COMPLEX.pdf	Exp160	01_fig4_figS6.R	Exp160/02_r_rebuild/out_deposit_RSEC
Fig4D	[Fig4D] H-2Kb (violin).pdf	Exp160	01_fig4_figS6.R	Exp160/02_r_rebuild/out_deposit_RSEC
Fig4D	[Fig4D] H-2Kb.pdf	Exp160	01_fig4_figS6.R	Exp160/02_r_rebuild/out_deposit_RSEC
Fig4D	[Fig4D] I-A-I-E (violin).pdf	Exp160	01_fig4_figS6.R	Exp160/02_r_rebuild/out_deposit_RSEC
Fig4D	[Fig4D] I-A-I-E.pdf	Exp160	01_fig4_figS6.R	Exp160/02_r_rebuild/out_deposit_RSEC
FigS6A	[FigS6A] Custom Enterocytes.pdf	Exp160	01_fig4_figS6.R	Exp160/02_r_rebuild/out_deposit_RSEC
FigS6A	[FigS6A] Custom Enteroendocrine.pdf	Exp160	01_fig4_figS6.R	Exp160/02_r_rebuild/out_deposit_RSEC
FigS6A	[FigS6A] Custom Goblet.pdf	Exp160	01_fig4_figS6.R	Exp160/02_r_rebuild/out_deposit_RSEC
FigS6A	[FigS6A] Custom Malagola_2024.pdf	Exp160	01_fig4_figS6.R	Exp160/02_r_rebuild/out_deposit_RSEC
FigS6A	[FigS6A] Custom Paneth.pdf	Exp160	01_fig4_figS6.R	Exp160/02_r_rebuild/out_deposit_RSEC
FigS6A	[FigS6A] Custom Partial_IEC.pdf	Exp160	01_fig4_figS6.R	Exp160/02_r_rebuild/out_deposit_RSEC
FigS6A	[FigS6A] Custom Stem_Cell.pdf	Exp160	01_fig4_figS6.R	Exp160/02_r_rebuild/out_deposit_RSEC
FigS6A	[FigS6A] Custom Transit_Amplifying_Cells.pdf	Exp160	01_fig4_figS6.R	Exp160/02_r_rebuild/out_deposit_RSEC
FigS6A	[FigS6A] Custom Tuft.pdf	Exp160	01_fig4_figS6.R	Exp160/02_r_rebuild/out_deposit_RSEC
FigS6B	[FigS6B] Pseudotime.pdf	Exp160	01_fig4_figS6.R	Exp160/02_r_rebuild/out_deposit_RSEC
FigS6C	[FigS6C] Fgfbp1.pdf	Exp160	01_fig4_figS6.R	Exp160/02_r_rebuild/out_deposit_RSEC
FigS6C	[FigS6C] H2-Aa.pdf	Exp160	01_fig4_figS6.R	Exp160/02_r_rebuild/out_deposit_RSEC
FigS6C	[FigS6C] H2-Ab1.pdf	Exp160	01_fig4_figS6.R	Exp160/02_r_rebuild/out_deposit_RSEC
FigS6C	[FigS6C] Lgr4.pdf	Exp160	01_fig4_figS6.R	Exp160/02_r_rebuild/out_deposit_RSEC
FigS6C	[FigS6C] Lgr5.pdf	Exp160	01_fig4_figS6.R	Exp160/02_r_rebuild/out_deposit_RSEC
FigS6D	[FigS6D] Markers GSEA dotplot.pdf	Exp160	01_fig4_figS6.R	Exp160/02_r_rebuild/out_deposit_RSEC
FigS6E	[FigS6E] Markers ADT dotplot.pdf	Exp160	01_fig4_figS6.R	Exp160/02_r_rebuild/out_deposit_RSEC
FigS7B	[FigS7B] Cart2 v Cart3 by cart.pdf	Exp160	02_figS7.R	Exp160/02_r_rebuild/outS7_deposit_RSEC
FigS7B	[FigS7B] Cart2 v Cart3 clusters, res=0.1, dim=40.pdf	Exp160	02_figS7.R	Exp160/02_r_rebuild/outS7_deposit_RSEC
FigS7B	[FigS7B] Propeller_plots.pdf	Exp160	02_figS7.R	Exp160/02_r_rebuild/outS7_deposit_RSEC
FigS7C	[FigS7C] Custom Enterocytes.pdf	Exp160	02_figS7.R	Exp160/02_r_rebuild/outS7_deposit_RSEC
FigS7C	[FigS7C] Custom Enteroendocrine.pdf	Exp160	02_figS7.R	Exp160/02_r_rebuild/outS7_deposit_RSEC
FigS7C	[FigS7C] Custom Goblet.pdf	Exp160	02_figS7.R	Exp160/02_r_rebuild/outS7_deposit_RSEC
FigS7C	[FigS7C] Custom Paneth.pdf	Exp160	02_figS7.R	Exp160/02_r_rebuild/outS7_deposit_RSEC
FigS7C	[FigS7C] Custom Partial_IEC.pdf	Exp160	02_figS7.R	Exp160/02_r_rebuild/outS7_deposit_RSEC
FigS7C	[FigS7C] Custom Stem_Cell.pdf	Exp160	02_figS7.R	Exp160/02_r_rebuild/outS7_deposit_RSEC
FigS7C	[FigS7C] Custom Transit_Amplifying_Cells.pdf	Exp160	02_figS7.R	Exp160/02_r_rebuild/outS7_deposit_RSEC
FigS7C	[FigS7C] Custom Tuft.pdf	Exp160	02_figS7.R	Exp160/02_r_rebuild/outS7_deposit_RSEC
FigS7D	[FigS7D] GOBP_ANTIGEN_PROCESSING_AND_PRESENTATION violin.pdf	Exp160	02_figS7.R	Exp160/02_r_rebuild/outS7_deposit_RSEC
FigS7D	[FigS7D] GOBP_ANTIGEN_PROCESSING_AND_PRESENTATION.pdf	Exp160	02_figS7.R	Exp160/02_r_rebuild/outS7_deposit_RSEC
FigS7D	[FigS7D] GOCC_MHC_CLASS_II_PROTEIN_COMPLEX violin.pdf	Exp160	02_figS7.R	Exp160/02_r_rebuild/outS7_deposit_RSEC
FigS7D	[FigS7D] GOCC_MHC_CLASS_II_PROTEIN_COMPLEX.pdf	Exp160	02_figS7.R	Exp160/02_r_rebuild/outS7_deposit_RSEC
FigS7D	[FigS7D] GOCC_MHC_CLASS_I_PROTEIN_COMPLEX violin.pdf	Exp160	02_figS7.R	Exp160/02_r_rebuild/outS7_deposit_RSEC
FigS7D	[FigS7D] GOCC_MHC_CLASS_I_PROTEIN_COMPLEX.pdf	Exp160	02_figS7.R	Exp160/02_r_rebuild/outS7_deposit_RSEC
FigS7D	[FigS7D] H-2Kb (violin).pdf	Exp160	02_figS7.R	Exp160/02_r_rebuild/outS7_deposit_RSEC
FigS7D	[FigS7D] H-2Kb.pdf	Exp160	02_figS7.R	Exp160/02_r_rebuild/outS7_deposit_RSEC
FigS7D	[FigS7D] I-A-I-E (violin).pdf	Exp160	02_figS7.R	Exp160/02_r_rebuild/outS7_deposit_RSEC
FigS7D	[FigS7D] I-A-I-E.pdf	Exp160	02_figS7.R	Exp160/02_r_rebuild/outS7_deposit_RSEC
FigS7D	[FigS7D] Markers ADT dotplot.pdf	Exp160	02_figS7.R	Exp160/02_r_rebuild/outS7_deposit_RSEC
FigS7D	[FigS7D] Markers GSEA dotplot.pdf	Exp160	02_figS7.R	Exp160/02_r_rebuild/outS7_deposit_RSEC
FigS7E	[FigS7E] DEG cluster 0v2 top 150.pdf	Exp160	02_figS7.R	Exp160/02_r_rebuild/outS7_deposit_RSEC
FigS7E	[FigS7E] DEG cluster 0v2 top 30.pdf	Exp160	02_figS7.R	Exp160/02_r_rebuild/outS7_deposit_RSEC
FigS7E	[FigS7E] top DEGs featureplots.pdf	Exp160	02_figS7.R	Exp160/02_r_rebuild/outS7_deposit_RSEC
FigS10A	[FigS10A] QC Clusters.pdf	Exp649	01_figS10_qc.R	Exp649/02_r_rebuild/outS10_deposit_RSEC
FigS10B-D	[FigS10B-D] QC Lgr5.pdf	Exp649	01_figS10_qc.R	Exp649/02_r_rebuild/outS10_deposit_RSEC
FigS10B-D	[FigS10B-D] QC Muc2.pdf	Exp649	01_figS10_qc.R	Exp649/02_r_rebuild/outS10_deposit_RSEC
FigS10B-D	[FigS10B-D] QC Trpm5.pdf	Exp649	01_figS10_qc.R	Exp649/02_r_rebuild/outS10_deposit_RSEC
FigS10B	[FigS10B] QC Lgr5 Exp Level.pdf	Exp649	01_figS10_qc.R	Exp649/02_r_rebuild/outS10_deposit_RSEC
FigS10C	[FigS10C] mean Lgr5 Muc2 Trpm5.pdf	Exp649	01_figS10_qc.R	Exp649/02_r_rebuild/outS10_deposit_RSEC
FigS10D	[FigS10D] DotPlot Lgr5 Muc2 Trpm5.pdf	Exp649	01_figS10_qc.R	Exp649/02_r_rebuild/outS10_deposit_RSEC
(QC, not a manuscript panel)	[QC] ADT density Ab1 CD326.pdf	Exp649	01_figS10_qc.R	Exp649/02_r_rebuild/outS10_deposit_RSEC
(QC, not a manuscript panel)	[QC] ADT density Ab2 CD326:G8.8-AMM2281.pdf	Exp649	01_figS10_qc.R	Exp649/02_r_rebuild/outS10_deposit_RSEC
(QC, not a manuscript panel)	[QC] ADT density Ab3 CD326:G8.8-AMM2294.pdf	Exp649	01_figS10_qc.R	Exp649/02_r_rebuild/outS10_deposit_RSEC
(QC, not a manuscript panel)	[QC] ADT density Ab4 CD326:G8.8-AMM2295.pdf	Exp649	01_figS10_qc.R	Exp649/02_r_rebuild/outS10_deposit_RSEC
(QC, not a manuscript panel)	[QC] Ab_not_found.pdf	Exp649	01_figS10_qc.R	Exp649/02_r_rebuild/outS10_deposit_RSEC
(QC, not a manuscript panel)	[QC] groups.pdf	Exp649	01_figS10_qc.R	Exp649/02_r_rebuild/outS10_deposit_RSEC
(QC, not a manuscript panel)	[QC] multiplet.pdf	Exp649	01_figS10_qc.R	Exp649/02_r_rebuild/outS10_deposit_RSEC
Fig7B-S11	[Fig7B-S11] H_E2F.pdf	Exp649	02_fig7_figS11.R	Exp649/02_r_rebuild/outFig7_deposit_RSEC
Fig7B-S11	[Fig7B-S11] H_G2M.pdf	Exp649	02_fig7_figS11.R	Exp649/02_r_rebuild/outFig7_deposit_RSEC
Fig7B-S11	[Fig7B-S11] H_GLYCOLYSIS.pdf	Exp649	02_fig7_figS11.R	Exp649/02_r_rebuild/outFig7_deposit_RSEC
Fig7B-S11	[Fig7B-S11] H_HEDGEHOG.pdf	Exp649	02_fig7_figS11.R	Exp649/02_r_rebuild/outFig7_deposit_RSEC
Fig7B-S11	[Fig7B-S11] H_IFN.pdf	Exp649	02_fig7_figS11.R	Exp649/02_r_rebuild/outFig7_deposit_RSEC
Fig7B-S11	[Fig7B-S11] H_IFNA.pdf	Exp649	02_fig7_figS11.R	Exp649/02_r_rebuild/outFig7_deposit_RSEC
Fig7B-S11	[Fig7B-S11] H_OXPHOS.pdf	Exp649	02_fig7_figS11.R	Exp649/02_r_rebuild/outFig7_deposit_RSEC
Fig7B-S11	[Fig7B-S11] H_TGFB.pdf	Exp649	02_fig7_figS11.R	Exp649/02_r_rebuild/outFig7_deposit_RSEC
Fig7B-S11	[Fig7B-S11] H_TNF.pdf	Exp649	02_fig7_figS11.R	Exp649/02_r_rebuild/outFig7_deposit_RSEC
Fig7B-S11	[Fig7B-S11] H_WNT.pdf	Exp649	02_fig7_figS11.R	Exp649/02_r_rebuild/outFig7_deposit_RSEC
Fig7B	[Fig7B] Groups.pdf	Exp649	02_fig7_figS11.R	Exp649/02_r_rebuild/outFig7_deposit_RSEC
Fig7B	[Fig7B] group_Female_IFNGRneg.pdf	Exp649	02_fig7_figS11.R	Exp649/02_r_rebuild/outFig7_deposit_RSEC
Fig7B	[Fig7B] group_Female_IFNGRpos.pdf	Exp649	02_fig7_figS11.R	Exp649/02_r_rebuild/outFig7_deposit_RSEC
Fig7B	[Fig7B] group_Male_IFNGRneg.pdf	Exp649	02_fig7_figS11.R	Exp649/02_r_rebuild/outFig7_deposit_RSEC
Fig7B	[Fig7B] group_Male_IFNGRpos.pdf	Exp649	02_fig7_figS11.R	Exp649/02_r_rebuild/outFig7_deposit_RSEC
Fig7D	[Fig7D] Clusters.pdf	Exp649	02_fig7_figS11.R	Exp649/02_r_rebuild/outFig7_deposit_RSEC
Fig7E	[Fig7E] Ciita.pdf	Exp649	02_fig7_figS11.R	Exp649/02_r_rebuild/outFig7_deposit_RSEC
Fig7E	[Fig7E] H2-Aa.pdf	Exp649	02_fig7_figS11.R	Exp649/02_r_rebuild/outFig7_deposit_RSEC
Fig7E	[Fig7E] H2-Ab1.pdf	Exp649	02_fig7_figS11.R	Exp649/02_r_rebuild/outFig7_deposit_RSEC
Fig7E	[Fig7E] I-A-I-E.pdf	Exp649	02_fig7_figS11.R	Exp649/02_r_rebuild/outFig7_deposit_RSEC
Fig7E	[Fig7E] Mki67.pdf	Exp649	02_fig7_figS11.R	Exp649/02_r_rebuild/outFig7_deposit_RSEC
FigS11A	[FigS11A] Ciita (by group).pdf	Exp649	02_fig7_figS11.R	Exp649/02_r_rebuild/outFig7_deposit_RSEC
FigS11A	[FigS11A] GOCC_MHC_CLASS_II_PROTEIN_COMPLEX Plot.pdf	Exp649	02_fig7_figS11.R	Exp649/02_r_rebuild/outFig7_deposit_RSEC
FigS11A	[FigS11A] GOCC_MHC_CLASS_II_PROTEIN_COMPLEX Violin.pdf	Exp649	02_fig7_figS11.R	Exp649/02_r_rebuild/outFig7_deposit_RSEC
FigS11A	[FigS11A] H2-Aa (by group).pdf	Exp649	02_fig7_figS11.R	Exp649/02_r_rebuild/outFig7_deposit_RSEC
FigS11A	[FigS11A] H2-Ab1 (by group).pdf	Exp649	02_fig7_figS11.R	Exp649/02_r_rebuild/outFig7_deposit_RSEC
FigS11A	[FigS11A] I-A-I-E (by group).pdf	Exp649	02_fig7_figS11.R	Exp649/02_r_rebuild/outFig7_deposit_RSEC
FigS11B	[FigS11B] Ciita Exp Level.pdf	Exp649	02_fig7_figS11.R	Exp649/02_r_rebuild/outFig7_deposit_RSEC
FigS11B	[FigS11B] H2-Aa Exp Level.pdf	Exp649	02_fig7_figS11.R	Exp649/02_r_rebuild/outFig7_deposit_RSEC
FigS11B	[FigS11B] H2-Ab1 Exp Level.pdf	Exp649	02_fig7_figS11.R	Exp649/02_r_rebuild/outFig7_deposit_RSEC
FigS11B	[FigS11B] I-A-I-E Exp Level.pdf	Exp649	02_fig7_figS11.R	Exp649/02_r_rebuild/outFig7_deposit_RSEC
Fig7C/Fig7F/FigS11C (GSEA)	[GSEA] Hallmark MvM IFNGRneg v pos_GpMale_IFNGRpos q0.2 NES0.pdf	Exp649	02_fig7_figS11.R	Exp649/02_r_rebuild/outFig7_deposit_RSEC
Fig7C/Fig7F/FigS11C (GSEA)	[GSEA] Hallmark MvM IFNGRpos v neg_GpMale_IFNGRneg q0.2 NES0.pdf	Exp649	02_fig7_figS11.R	Exp649/02_r_rebuild/outFig7_deposit_RSEC
Fig7C/Fig7F/FigS11C (GSEA)	[GSEA] Hallmark Set 4v5_Gp4 q0.2 NES0.pdf	Exp649	02_fig7_figS11.R	Exp649/02_r_rebuild/outFig7_deposit_RSEC
Fig7C/Fig7F/FigS11C (GSEA)	[GSEA] Hallmark Set 4v5_Gp5 q0.2 NES0.pdf	Exp649	02_fig7_figS11.R	Exp649/02_r_rebuild/outFig7_deposit_RSEC
Fig7C/Fig7F/FigS11C (GSEA)	[GSEA] Hallmark Set 4v6_Gp4 q0.2 NES0.pdf	Exp649	02_fig7_figS11.R	Exp649/02_r_rebuild/outFig7_deposit_RSEC
Fig7C/Fig7F/FigS11C (GSEA)	[GSEA] Hallmark Set 4v6_Gp6 q0.2 NES0.pdf	Exp649	02_fig7_figS11.R	Exp649/02_r_rebuild/outFig7_deposit_RSEC
Fig7C/Fig7F/FigS11C (GSEA)	[GSEA] Hallmark Set 5v6_Gp5 q0.2 NES0.pdf	Exp649	02_fig7_figS11.R	Exp649/02_r_rebuild/outFig7_deposit_RSEC
Fig7C/Fig7F/FigS11C (GSEA)	[GSEA] Hallmark Set 5v6_Gp6 q0.2 NES0.pdf	Exp649	02_fig7_figS11.R	Exp649/02_r_rebuild/outFig7_deposit_RSEC
FigS3A	figS3A_UMAP_by_sample.pdf	Exp80	02_figS3_from_deposit.R	Exp80/02_r_rebuild/out_figS3_deposit
FigS3A	figS3A_UMAP_by_sample.png	Exp80	02_figS3_from_deposit.R	Exp80/02_r_rebuild/out_figS3_deposit
FigS3B	figS3B_dotplot.pdf	Exp80	02_figS3_from_deposit.R	Exp80/02_r_rebuild/out_figS3_deposit
FigS3B	figS3B_dotplot.png	Exp80	02_figS3_from_deposit.R	Exp80/02_r_rebuild/out_figS3_deposit
FigS3C	figS3C_featureplots.pdf	Exp80	02_figS3_from_deposit.R	Exp80/02_r_rebuild/out_figS3_deposit
